days,strike,bid,ask
21,72.12438128447567,28.000001,28.032251930547936
21,74.54522278592219,25.583334333333344,25.612283436873557
21,76.96606428736871,23.166667666666672,23.20080836952347
21,79.38690578881523,20.750001000000015,20.786204827101294
21,81.80774729026176,18.33333433333333,18.35902962719596
21,84.22858879170828,15.91666766666667,15.941774006975805
21,86.6494302931548,13.516601544601537,13.563949237882516
21,89.07027179460133,11.155790664787816,11.201209494938482
21,91.49111329604784,8.879646269801391,8.923187964817622
21,93.91195479749436,6.720590753309355,6.7623043390264455
21,96.33279629894089,4.834185019959715,4.87411702640674
21,98.75363780038741,3.2189394787976244,3.257134126060925
21,101.17447930183393,1.9485814249461493,1.9864738373433322
21,103.59532080328044,1.0976473380910254,1.1371949437884827
21,106.01616230472698,0.532850235391344,0.5740147986861632
21,108.4370038061735,0.20601289936874267,0.2487579112688193
21,110.85784530762001,0.07930112758789623,0.12359169142357745
21,113.27868680906654,1e-06,0.04380714001532576
21,115.69952831051306,1e-06,0.044605083245727054
21,118.12036981195958,1e-06,0.026738998518964992
21,120.54121131340611,1e-06,0.025086286547414335
21,122.96205281485263,1e-06,0.02578222994275939
21,125.38289431629914,1e-06,0.03706094277613458
21,127.80373581774566,1e-06,0.027133929214586266
21,130.22457731919218,1e-06,0.027790693875092726
35,72.2074214906083,28.000001,28.03115256887366
35,74.63105022119585,25.58333433333333,25.621015374450693
35,77.0546789517834,23.166667666666658,23.2066527261759
35,79.47830768237094,20.750001,20.799079770299
35,81.90193641295849,18.348299035336556,18.401765586883638
35,84.32556514354604,15.990978796050934,16.04240397618979
35,86.74919387413358,13.625361416012854,13.674803073115651
35,89.17282260472113,11.348994025299078,11.396506819271561
35,91.59645133530869,9.172459792799016,9.218095451637064
35,94.02008006589622,7.181208502804738,7.225016052343648
35,96.44370879648378,5.389847941486527,5.43187391175537
35,98.86733752707133,3.8175538048355424,3.857842415920662
35,101.29096625765887,2.5487774764924374,2.588763852711439
35,103.71459498824642,1.6067014377329571,1.6483430072522331
35,106.13822371883397,0.9716617439940676,1.0149202711107057
35,108.56185244942152,0.5348377000593629,0.5796766757812584
35,110.98548118000906,0.2666035029975677,0.3129880306550678
35,113.40910991059661,0.10276880637625815,0.15066549711965257
35,115.83273864118416,0.03885994236323988,0.08823681950068284
35,118.2563673717717,0.001271154705628351,0.05209756596599558
35,120.67999610235925,1e-06,0.03824456676331381
35,123.1036248329468,1e-06,0.03851168761898884
35,125.52725356353434,1e-06,0.030705381682032844
35,127.9508822941219,1e-06,0.03414807595665556
35,130.37451102470945,1e-06,0.029487303053736293
60,72.3559454454765,28.000001000000015,28.057243477131948
60,74.78455935510476,25.593792730011955,25.65664032066612
60,77.21317326473303,23.186696952722276,23.247307438388834
60,79.64178717436128,20.82021355889537,20.87865622583271
60,82.07040108398955,18.46897606504127,18.525316036340268
60,84.4990149936178,16.156848276929935,16.2111468768207
60,86.92762890324607,13.90991454289768,13.962229619752387
60,89.35624281287434,11.768976674042163,11.819362887766557
60,91.7848567225026,9.687316309088452,9.73582538767841
60,94.21347063213086,7.8257176280938605,7.872398597384681
60,96.64208454175912,6.06333547740276,6.108234867423515
60,99.07069845138739,4.606268010569422,4.649430041406451
60,101.49931236101565,3.371604426816209,3.4144642227871214
60,103.92792627064391,2.3745527724484483,2.4190677617196354
60,106.35654018027218,1.600372189209013,1.6465041360775619
60,108.78515408990043,1.0316319726670409,1.0793443681408472
60,111.2137679995287,0.6161622119654742,0.665420159374885
60,113.64238190915697,0.35218739629785367,0.4029575067931589
60,116.07099581878522,0.20252330069179944,0.25477359758115314
60,118.49960972841349,0.09039006091771028,0.14408989192998828
60,120.92822363804176,0.022435546323231862,0.0775555029917902
60,123.35683754767001,1e-06,0.04952985733336254
60,125.78545145729828,1e-06,0.03651358401247034
60,128.21406536692655,1e-06,0.041052413521434496
60,130.6426792765548,1e-06,0.03478774705708773
90,72.5345775065552,28.058310021641418,28.1262022123243
90,74.96918716823355,25.673060351914344,25.738641575752162
90,77.40379682991191,23.31814396835447,23.38148808720468
90,79.83840649159026,20.989122661055905,21.050298961176896
90,82.27301615326863,18.685232714188267,18.744306318670915
90,84.70762581494698,16.449177495423836,16.506209728498252
90,87.14223547662534,14.26353208170089,14.31858079173925
90,89.5768451383037,12.186402599131696,12.239522446039743
90,92.01145479998206,10.223578769399543,10.274821481173154
90,94.44606446166041,8.390066632978964,8.439481235453435
90,96.88067412333876,6.777342907068109,6.824975930272515
90,99.31528378501713,5.297396362599691,5.3432920266203725
90,101.74989344669548,4.0587484030618395,4.104341832216404
90,104.18450310837385,3.025451245315402,3.0726998677702406
90,106.6191127700522,2.1808399948046464,2.2297055748568475
90,109.05372243173056,1.52757509323691,1.5780211218943683
90,111.48833209340891,1.0219604555906474,1.07395203618371
90,113.92294175508728,0.6609847148765221,0.714488458555479
90,116.35755141676563,0.4163608163582823,0.47134474643128793
90,118.79216107844398,0.23089602386744534,0.2873294880633752
90,121.22677074012235,0.12506293440206964,0.18291652425427987
90,123.6613804018007,0.057857340886090715,0.11710281752899104
90,126.09599006347906,0.01875737727511008,0.07936760302831189
90,128.53059972515743,0.005020076609204702,0.06696895179575878
90,130.96520938683577,1e-06,0.0427962955203125
150,72.89316573576382,28.272920065488044,28.345147173118768
150,75.33981134495033,25.956064641439337,26.025980782224988
150,77.78645695413685,23.643383369332934,23.711062405130978
150,80.23310256332337,21.389369826171446,21.454881043240277
150,82.67974817250989,19.159833818220992,19.223242339651474
150,85.12639378169641,17.013381871254026,17.074749021276283
150,87.57303939088293,14.928308338844165,14.987691965830365
150,90.01968500006944,12.953243214304102,13.010697978159985
150,92.46633060925596,11.102267152101142,11.157844780822593
150,94.91297621844248,9.317307476433111,9.371056995855422
150,97.359621827629,7.769317363908678,7.821285304060922
150,99.80626743681552,6.336137817109466,6.386368398077987
150,102.25291304600202,5.052350427496573,5.102278773598976
150,104.69955865518854,3.9475081489760155,3.9990916883786927
150,107.14620426437506,3.0673087780803066,3.1205092750803454
150,109.59284987356158,2.3030187050374336,2.35779965064273
150,112.0394954827481,1.7107436150906128,1.767070112631514
150,114.48614109193461,1.2338127177313554,1.2916513783581507
150,116.93278670112113,0.890642706267664,0.9499615532885078
150,119.37943231030765,0.5989068888491154,0.6596752699928836
150,121.82607791949417,0.39439298814744894,0.45658149494749756
150,124.27272352868069,0.2656284481784425,0.32920884176918114
150,126.7193691378672,0.16748306275639896,0.23242820545743914
150,129.1660147470537,0.10903219082936817,0.1753159829637606
150,131.61266035624024,0.05857155430416737,0.1261688757595727
240,73.43437471887408,28.738699485054504,28.816021315364928
240,75.89918590735482,26.475710246145034,26.550721109610386
240,78.36399709583554,24.220934844503414,24.29370860298116
240,80.82880828431627,22.034632485463824,22.105238425212356
240,83.29361947279699,19.895600704123012,19.964103948233195
240,85.75843066127773,17.82971794862223,17.896179821324186
240,88.22324184975845,15.824580909342005,15.889059259007906
240,90.68805303823918,13.947343727621325,14.009893214156909
240,93.15286422671991,12.136640785335832,12.197313136736984
240,95.61767541520064,10.430451525847488,10.4892957679495
240,98.08248660368136,8.882023555465507,8.939086218297453
240,100.5472977921621,7.498612902846449,7.55393820649467
240,103.01210898064282,6.2423973408316265,6.29742040961373
240,105.47692016912355,5.141129240126957,5.197807502209334
240,107.94173135760427,4.174117971388897,4.232413191068638
240,110.406542546085,3.286343286261604,3.3462189545466012
240,112.87135373456573,2.561832952881814,2.6232541731024157
240,115.33616492304645,1.9684972531125888,2.031430636419085
240,117.80097611152719,1.529537291433604,1.5939508611341486
240,120.26578730000791,1.1420921253026157,1.2079552291260844
240,122.73059848848864,0.8519005454631586,0.9191837749429078
240,125.19540967696938,0.6222769292132798,0.6909520454837189
240,127.6602208654501,0.4526583396312973,0.522698205012038
240,130.12503205393082,0.33144693210011356,0.4028254469142065
240,132.58984324241155,0.22617560988821805,0.29886765402332394
365,74.19272644465322,29.497138530776073,29.58013381546412
365,76.68299156837422,27.275827590935737,27.35651190877871
365,79.17325669209522,25.097265835545226,25.175713048400592
365,81.66352181581622,22.982137150946894,23.05841654507304
365,84.15378693953723,20.918785422922788,20.992962121410592
365,86.64405206325821,18.936757574851942,19.008892901931514
365,89.13431718697922,16.994463551141124,17.064615355184642
365,91.62458231070022,15.16633165370254,15.234554594615743
365,94.11484743442122,13.399884615026975,13.466230420805745
365,96.60511255814222,11.74481448654286,11.809332183022489
365,99.09537768186321,10.217678550482834,10.280414667692398
365,101.58564280558421,8.811680604937997,8.872679362963837
365,104.07590792930522,7.608468484380901,7.669165007540623
365,106.56617305302622,6.369796979829594,6.432148696289591
365,109.05643817674722,5.3752903190820644,5.439258993139423
365,111.54670330046822,4.436189666061623,4.501738788724238
365,114.03696842418921,3.6787447702309075,3.7458394448291275
365,116.52723354791021,2.9949212756218957,3.0635281133060097
365,119.01749867163122,2.4163389520627376,2.4864259761409
365,121.50776379535222,1.9394197303336989,2.010956288534786
365,123.99802891907322,1.537579678439093,1.6105363622964606
365,126.48829404279421,1.2241978723863465,1.2985464430344043
365,128.97855916651523,0.9535089409625197,1.029222260720879
365,131.46882429023623,0.7363732043484524,0.813425173540164
365,133.9590894139572,0.5681627695922866,0.6465282681050111
